{
    "$schema": "./node_modules/@stryker-mutator/core/schema/stryker-schema.json",
    "_comment": "This config was generated using 'stryker init'. Please see the guide for more information: https://stryker-mutator.io/docs/stryker-js/guides/react",
    "testRunner": "jest",
    "reporters": [
        "progress",
        "clear-text",
        "html"
    ],
    "coverageAnalysis": "off",
    "jest": {
        "projectType": "create-react-app"
    },
    "mutate": [
        "src/main/**/*.{js,jsx,ts,tsx}",
        "!src/main/**/*_NoStryker.{js,jsx,ts,tsx}"
    ],
    "thresholds": { "high": 100, "low": 90, "break": 100 }
}